resource_id,citation_key,short_label,year,linked_publications,setting,record_basis,origin,focal_task,participants,robot_instances,robot_platforms,focal_tasks,environment_configurations,sessions_or_trials,duration,access_status,H_capabilityAndRole,H_physicalState,H_action,H_intent,H_internalState,R_capabilityAndConfiguration,R_physicalState,R_action,R_intent,T_specification,T_structure,T_allocation,T_workObjectState,T_execution,E_geometricStructure,E_semanticContent,E_operatingConditions,I_modality,I_representationForm,I_unitOfObservation,I_measurementUnit,I_source,I_perspective,I_encodingMethod,I_spatialReference,I_temporalReference,cross_referent_relations
RES-CON-0001-01,Chen2026,Chen2026,2026,10.1016/j.clema.2026.100386,laboratory mock-up,episode,real,construction waste sorting,not reported,1,1,1,1,not reported,not reported,available on request,notReported,captured,captured,captured,notReported,captured,notReported,captured,captured,notReported,notReported,captured,captured,captured,captured,notReported,captured,reported,reported,notReported,reported,notReported,notReported,notReported,notReported,notReported,communication
RES-CON-0002-01,Zhang2026,Zhang2026,2026,10.1115/1.4070492,not reported,episode,real,component handling; component assembly,10,1,1,2,not reported,not reported,not reported,metadata only,notReported,captured,captured,captured,captured,captured,captured,captured,notReported,captured,captured,captured,notReported,captured,notReported,notReported,notReported,reported,reported,notReported,reported,notReported,notReported,reported,reported,reported,notReported
RES-CON-0003-01,Ojha2026,Ojha2026,2026,10.1139/cjce-2025-0094,not reported,episode,real,material-delivering,14,1,1,1,not reported,30,not reported,available on request,captured,captured,captured,notReported,notReported,captured,captured,captured,captured,notReported,notReported,notReported,captured,captured,notReported,notReported,notReported,reported,notReported,notReported,notReported,notReported,notReported,reported,notReported,notReported,notReported
RES-CON-0004-01,WOS:001765982600001,Loy2026,2026,10.1108/ci-07-2025-0341,not reported,episode,real,bricklaying,not reported,1,1,1,1,not reported,not reported,not reported,notReported,notReported,notReported,notReported,notReported,captured,notReported,captured,captured,captured,captured,captured,captured,captured,notReported,notReported,captured,notReported,notReported,reported,notReported,notReported,notReported,notReported,notReported,notReported,notReported
RES-CON-0005-01,Chauhan2026,Chauhan2026,2026,10.1061/jcemd4.coeng-17093,not reported,episode,real,bricklaying,11,1,1,1,2,not reported,not reported,available on request,captured,notReported,notReported,notReported,captured,captured,notReported,captured,captured,notReported,notReported,captured,notReported,captured,notReported,notReported,captured,notReported,notReported,reported,reported,notReported,notReported,notReported,notReported,notReported,notReported
RES-CON-0006-01,Wang2026,Wang2026,2026,10.1061/jccee5.cpeng-7016,on-site,episode,real,not reported,not reported,not reported,not reported,not reported,1,not reported,not reported,available on request,notReported,notReported,captured,notReported,captured,notReported,notReported,captured,notReported,notReported,notReported,notReported,captured,captured,notReported,captured,notReported,notReported,reported,notReported,reported,notReported,notReported,reported,notReported,notReported,notReported
RES-CON-0007-01,Bui202620371,Bui2026,2026,10.1109/access.2026.3661520,on-site,episode,real,operating heavy machinery; lifting and carrying materials; measuring and marking surfaces; mixing cement or concrete; collaborating in teams; using hand tools; inspecting completed work; communicating with supervisors; following safety protocols; taking breaks/resting,not reported,not reported,not reported,10,1,not reported,not reported,metadata only,notReported,captured,captured,notReported,captured,captured,notReported,captured,notReported,notReported,notReported,captured,notReported,captured,notReported,notReported,captured,reported,notReported,notReported,reported,reported,notReported,reported,notReported,notReported,notReported
RES-CON-0010-01,Rossini20261332,Rossini2026,2026,10.1002/rob.70092,on-site,episode,real,drilling; sanding; plastering; collaborative transportation with obstacle avoidance,not reported,1,1,4,1,not reported,not reported,open public,notReported,notReported,notReported,notReported,notReported,captured,notReported,captured,notReported,captured,notReported,notReported,notReported,notReported,notReported,notReported,notReported,notReported,reported,notReported,notReported,notReported,notReported,notReported,notReported,notReported,notReported
RES-CON-0012-01,Kim2026,Kim2026,2026,10.1016/j.aei.2026.104777,not reported,episode,real,Robot-assisted Bricklaying,10,1,1,1,1,not reported,not reported,available on request,captured,notReported,captured,notReported,captured,captured,notReported,captured,captured,notReported,captured,captured,captured,captured,captured,notReported,captured,reported,notReported,notReported,reported,reported,notReported,reported,reported,reported,handover/contact
RES-CON-0013-01,Wang2026,Wang2026,2026,10.1061/jmenea.meeng-7134,on-site,model-generated,real,welding,not reported,not reported,not reported,1,1,not reported,not reported,metadata only,notReported,notReported,notReported,notReported,notReported,captured,notReported,captured,notReported,captured,captured,captured,notReported,captured,notReported,notReported,notReported,notReported,notReported,notReported,notReported,notReported,reported,notReported,notReported,notReported,notReported
RES-CON-0014-01,Deng202610449,Deng2026,2026,10.1109/tase.2026.3697962,not reported,model-generated,mixed,not reported,not reported,not reported,not reported,not reported,1,not reported,not reported,not reported,notReported,notReported,captured,notReported,notReported,captured,notReported,captured,captured,captured,captured,captured,captured,captured,captured,notReported,notReported,reported,reported,reported,notReported,notReported,notReported,notReported,notReported,reported,notReported
RES-CON-0015-01,Su20261,Su2026,2026,10.1108/ecam-11-2024-1531,not reported,episode,real,utility tunnel maintenance,not reported,not reported,not reported,1,1,not reported,not reported,not reported,notReported,captured,captured,captured,captured,captured,notReported,captured,notReported,notReported,notReported,captured,notReported,notReported,notReported,notReported,captured,notReported,notReported,notReported,notReported,notReported,notReported,notReported,notReported,notReported,notReported
RES-CON-0017-01,10.1145/3800645.3813008,Yang2026,2026,10.1145/3800645.3813008,not reported,episode,real,truss design; truss fabrication,16,1,1,2,1,150,not reported,not reported,notReported,captured,captured,notReported,notReported,captured,notReported,captured,notReported,notReported,captured,notReported,notReported,captured,captured,notReported,captured,notReported,reported,notReported,reported,notReported,reported,reported,notReported,reported,communication
RES-CON-0018-01,Wang2026,Wang2026,2026,10.1016/j.aei.2026.104580,not reported,mixed,not reported,prefabricated construction assembly,not reported,1,1,1,4,not reported,not reported,available on request,captured,captured,captured,captured,notReported,captured,notReported,captured,captured,captured,captured,captured,captured,captured,captured,captured,captured,reported,notReported,reported,reported,notReported,notReported,reported,notReported,reported,communication
RES-CON-0019-01,Wang2026,Wang2026,2026,10.1016/j.eswa.2025.129928,not reported,elicited,not reported,not reported,not reported,not reported,not reported,not reported,not reported,not reported,not reported,available on request,notReported,notReported,notReported,notReported,captured,notReported,notReported,captured,notReported,captured,notReported,captured,notReported,captured,captured,notReported,notReported,notReported,notReported,notReported,reported,notReported,notReported,notReported,notReported,notReported,directed psychological relation
RES-CON-0020-01,Alwisy2026,Alwisy2026,2026,10.1016/j.jobe.2026.115872,not reported,episode,not reported,11 core prefabrication tasks,not reported,2,1,11,1,not reported,not reported,available on request,notReported,captured,captured,notReported,notReported,captured,captured,captured,notReported,notReported,notReported,notReported,notReported,captured,captured,notReported,captured,notReported,notReported,notReported,reported,notReported,notReported,notReported,reported,notReported,notReported
RES-CON-0021-01,Lee2026,Lee2026,2026,10.1111/exsy.70219,not reported,episode,real,Pick-and-Place,3,3,1,1,1,not reported,not reported,explicitly unavailable,captured,captured,notReported,notReported,notReported,captured,notReported,captured,captured,notReported,captured,notReported,captured,captured,notReported,notReported,notReported,notReported,reported,reported,notReported,notReported,notReported,reported,notReported,reported,notReported
RES-CON-0022-01,10.1145/3800645.3812995,Kenny2026,2026,10.1145/3800645.3812995,immersive/VR,mixed,real,block placement,12,1,1,1,1,not reported,not reported,not reported,notReported,notReported,notReported,notReported,notReported,captured,captured,captured,captured,captured,notReported,captured,notReported,captured,notReported,notReported,captured,notReported,reported,notReported,reported,notReported,notReported,notReported,notReported,reported,notReported
RES-CON-0023-01,Lin2026,Lin2026,2026,10.1016/j.autcon.2026.107067,not reported,mixed,real,wall panel installation,30,1,1,1,1,not reported,not reported,available on request,captured,notReported,captured,notReported,notReported,captured,notReported,captured,captured,captured,notReported,captured,notReported,captured,captured,captured,notReported,reported,reported,reported,notReported,notReported,reported,notReported,notReported,notReported,directed psychological relation
RES-CON-0024-01,WOS:001762188400001,Kobayashi2026,2026,10.1299/mej.26-00065,not reported,episode,not reported,not reported,not reported,not reported,not reported,not reported,not reported,not reported,not reported,not reported,captured,notReported,notReported,notReported,notReported,notReported,notReported,notReported,notReported,notReported,notReported,notReported,captured,captured,notReported,notReported,captured,reported,reported,notReported,reported,notReported,notReported,notReported,reported,notReported,notReported
RES-CON-0025-01,Wang2026,Wang2026,2026,10.1061/jcemd4.coeng-17137,not reported,mixed,real,wooden wall panel manufacturing,10,1,1,1,not reported,2,not reported,available on request,notReported,notReported,notReported,notReported,captured,captured,captured,captured,captured,captured,captured,captured,notReported,captured,notReported,notReported,captured,reported,reported,notReported,reported,notReported,notReported,reported,notReported,notReported,proximity
RES-CON-0026-01,Zaolin2026,Zaolin2026,2026,10.1016/j.aei.2025.104203,not reported,episode,not reported,not reported,not reported,not reported,not reported,not reported,not reported,30,70 min,not reported,captured,notReported,captured,captured,notReported,notReported,notReported,captured,captured,captured,captured,captured,notReported,captured,notReported,notReported,captured,notReported,reported,notReported,notReported,notReported,reported,reported,reported,notReported,notReported
RES-CON-0027-01,WOS:001760373800001,Wu2026,2026,10.1108/ecam-11-2025-1870,not reported,mixed,real,ground leveling,31,1,1,1,1,not reported,not reported,not reported,captured,notReported,notReported,notReported,captured,notReported,notReported,notReported,captured,captured,notReported,notReported,notReported,captured,captured,captured,captured,reported,reported,notReported,notReported,notReported,notReported,reported,reported,notReported,proximity
RES-CON-0028-01,Yuan2025346,Yuan2025,2025,10.1109/cvaa66438.2025.11193176,not reported,episode,not reported,wall panel installation; point-based drilling; anchor bolt alignment; surface smoothing,not reported,1,1,4,1,not reported,not reported,not reported,notReported,notReported,captured,notReported,notReported,captured,notReported,notReported,captured,captured,notReported,captured,notReported,captured,captured,notReported,notReported,reported,notReported,notReported,notReported,notReported,notReported,notReported,notReported,notReported,communication
RES-CON-0030-01,Fu2025,Fu2025,2025,10.1016/j.aei.2024.103054,immersive/VR,mixed,real,window installation,11,not reported,not reported,1,1,not reported,not reported,available on request,captured,captured,notReported,notReported,captured,captured,captured,captured,notReported,captured,notReported,captured,notReported,captured,notReported,notReported,notReported,reported,notReported,notReported,reported,notReported,notReported,reported,notReported,notReported,directed psychological relation
RES-CON-0031-01,Sabiri202554,Sabiri2025,2025,10.1109/roboticcc68732.2025.00017,immersive/VR,mixed,real,wall construction; reinforcement,not reported,not reported,not reported,2,1,not reported,not reported,not reported,notReported,notReported,notReported,notReported,captured,captured,notReported,captured,notReported,notReported,notReported,notReported,notReported,captured,captured,captured,notReported,reported,notReported,notReported,notReported,notReported,notReported,notReported,notReported,notReported,directed psychological relation
RES-CON-0034-01,Yang2025,Yang2025,2025,10.1016/j.aei.2025.103475,not reported,mixed,real,robotic fabrication,8,1,1,1,1,not reported,not reported,available on request,captured,captured,captured,notReported,notReported,captured,notReported,captured,captured,captured,captured,captured,notReported,captured,notReported,captured,notReported,reported,reported,reported,reported,notReported,notReported,notReported,reported,reported,notReported
RES-CON-0036-01,Loy2025451,Loy2025,2025,10.1007/978-981-96-8769-5_33,immersive/VR,episode,not reported,Architectural Design-Fabrication,not reported,1,1,1,1,not reported,not reported,not reported,captured,notReported,notReported,notReported,notReported,captured,notReported,captured,notReported,captured,notReported,notReported,notReported,captured,notReported,notReported,captured,reported,reported,reported,notReported,notReported,notReported,notReported,notReported,reported,notReported
RES-CON-0039-01,Hwang2025,Hwang2025,2025,10.1061/jcemd4.coeng-16853,not reported,episode,real,Collaborative Bricklaying,5,1,1,1,1,not reported,not reported,available on request,notReported,notReported,notReported,notReported,captured,captured,notReported,notReported,captured,notReported,captured,notReported,captured,captured,captured,captured,captured,reported,reported,reported,reported,reported,reported,notReported,notReported,notReported,notReported
RES-CON-0040-01,Khajehee2025265,Khajehee2025,2025,10.52842/conf.caadria.2025.2.265,not reported,episode,not reported,BRICKLAYING,not reported,2,2,1,2,not reported,not reported,not reported,notReported,notReported,captured,notReported,notReported,captured,notReported,captured,notReported,captured,captured,captured,notReported,captured,notReported,notReported,notReported,reported,reported,notReported,reported,notReported,notReported,notReported,reported,reported,notReported
RES-CON-0041-01,Lee2025,Lee2025,2025,10.3390/app152111827,not reported,mixed,real,tile-laying,60,1,1,1,1,not reported,not reported,metadata only,captured,notReported,captured,notReported,captured,captured,notReported,notReported,captured,notReported,notReported,notReported,notReported,captured,notReported,notReported,captured,reported,notReported,reported,reported,reported,notReported,notReported,reported,notReported,communication;directed psychological relation
RES-CON-0042-01,Johnsson2025745,Johnsson2025,2025,10.52842/conf.ecaade.2025.1.745,not reported,episode,not reported,manufacturing structural connection joints; initial guide cuts along beams,not reported,1,1,2,not reported,not reported,not reported,not reported,notReported,notReported,notReported,notReported,notReported,captured,notReported,captured,notReported,captured,notReported,notReported,notReported,captured,notReported,notReported,notReported,notReported,notReported,notReported,notReported,notReported,notReported,notReported,reported,notReported,notReported
RES-CON-0043-01,doi:10.1061/JCCEE5.CPENG-6302,Chang2025,2025,10.1061/jccee5.cpeng-6302,immersive/VR,mixed,real,masonry task,89,4,4,1,1,not reported,not reported,available on request,captured,captured,captured,notReported,captured,notReported,notReported,notReported,notReported,notReported,notReported,captured,notReported,captured,captured,notReported,captured,reported,reported,notReported,reported,reported,notReported,reported,reported,reported,directed psychological relation
RES-CON-0044-01,Lin2025,Lin2025,2025,10.1016/j.autcon.2025.106147,on-site,episode,real,not reported,3,1,1,not reported,1,not reported,not reported,not reported,notReported,notReported,notReported,notReported,notReported,captured,captured,captured,captured,notReported,notReported,captured,captured,captured,captured,captured,notReported,reported,reported,notReported,notReported,notReported,notReported,notReported,notReported,notReported,proximity
RES-CON-0045-01,Guan2025,Guan2025,2025,10.1016/j.aei.2025.103315,not reported,episode,real,earthmoving,6,1,1,1,not reported,not reported,not reported,planned release,notReported,captured,captured,notReported,notReported,notReported,notReported,notReported,notReported,notReported,notReported,notReported,captured,captured,notReported,notReported,captured,notReported,reported,notReported,reported,notReported,notReported,notReported,notReported,reported,notReported
RES-CON-0046-01,Lee2025374,Lee2025,2025,10.1007/978-3-031-87364-5_31,laboratory mock-up,episode,real,bricklaying,12,not reported,not reported,1,1,not reported,not reported,not reported,notReported,notReported,notReported,notReported,captured,captured,notReported,captured,notReported,notReported,notReported,notReported,notReported,captured,notReported,notReported,notReported,notReported,notReported,notReported,notReported,notReported,notReported,notReported,notReported,notReported,notReported
RES-CON-0047-01,Shayesteh20251996,Shayesteh2025,2025,10.1139/cjce-2025-0139,immersive/VR,mixed,not reported,bricklaying construction,not reported,1,1,1,1,not reported,not reported,available on request,captured,captured,notReported,notReported,captured,captured,notReported,captured,notReported,notReported,notReported,notReported,captured,captured,notReported,notReported,captured,reported,notReported,notReported,notReported,notReported,notReported,reported,notReported,reported,coordination/synchronization;shared attention/awareness
RES-CON-0048-01,WOS:001538991700001,Liang2025,2025,10.1016/j.cscm.2025.e05051,laboratory mock-up,episode,real,3D printing,not reported,1,1,1,1,not reported,not reported,available on request,notReported,notReported,notReported,notReported,captured,captured,notReported,notReported,notReported,notReported,notReported,notReported,captured,captured,notReported,notReported,notReported,reported,reported,notReported,reported,reported,notReported,notReported,reported,notReported,notReported
RES-CON-0049-01,Duan2025713,Duan2025,2025,10.1061/9780784486443.078,not reported,model-generated,not reported,reinforcement,not reported,1,1,1,not reported,not reported,not reported,not reported,notReported,notReported,captured,notReported,notReported,captured,captured,captured,captured,notReported,notReported,notReported,notReported,captured,notReported,notReported,notReported,notReported,reported,notReported,notReported,notReported,notReported,notReported,notReported,notReported,notReported
RES-CON-0050-01,Zhao2025263,Zhao2025,2025,10.21872/2025iise_5555,immersive/VR,mixed,not reported,picking up bricks; applying mortar; placing bricks at designated locations,not reported,1,1,3,1,not reported,not reported,not reported,notReported,captured,notReported,notReported,captured,notReported,notReported,notReported,notReported,captured,captured,captured,notReported,captured,notReported,notReported,notReported,reported,notReported,notReported,reported,notReported,notReported,reported,notReported,reported,notReported
RES-CON-0051-01,Yang2025,Yang2025,2025,10.1145/3706599.3720104,immersive/VR,mixed,real,holding the timber beam; inserting screws,10,1,1,2,1,not reported,not reported,not reported,captured,captured,notReported,notReported,captured,captured,captured,captured,notReported,captured,captured,notReported,notReported,captured,notReported,captured,notReported,reported,notReported,reported,notReported,notReported,notReported,notReported,notReported,notReported,notReported
RES-CON-0052-01,Chang2025412,Chang2025,2025,10.1109/vr59515.2025.00065,on-site,mixed,real,bricklaying,105,3,3,1,1,not reported,not reported,not reported,captured,captured,notReported,notReported,captured,notReported,notReported,notReported,notReported,notReported,notReported,captured,notReported,captured,notReported,notReported,notReported,reported,notReported,notReported,reported,notReported,notReported,reported,notReported,reported,notReported
RES-CON-0053-01,Han2025325,Han2025,2025,10.52842/conf.caadria.2025.2.325,on-site,episode,real,structure assembly,not reported,2,1,1,1,not reported,not reported,not reported,notReported,notReported,captured,notReported,notReported,captured,notReported,captured,captured,captured,notReported,notReported,notReported,captured,captured,notReported,notReported,reported,notReported,notReported,notReported,notReported,notReported,notReported,notReported,notReported,communication
RES-CON-0055-01,Lin2025,Lin2025,2025,10.3390/systems13111000,on-site,elicited,real,not reported,not reported,not reported,not reported,not reported,1,not reported,not reported,available on request,captured,captured,captured,notReported,captured,notReported,notReported,captured,captured,captured,notReported,captured,notReported,captured,notReported,notReported,captured,reported,notReported,notReported,reported,notReported,notReported,notReported,notReported,notReported,notReported
RES-CON-0056-01,Luo2025347,Luo2025,2025,10.52842/conf.caadria.2025.2.347,not reported,episode,not reported,pick-and-place,not reported,not reported,not reported,1,1,not reported,not reported,not reported,notReported,notReported,captured,notReported,notReported,captured,notReported,captured,notReported,captured,notReported,captured,captured,notReported,notReported,notReported,captured,notReported,notReported,notReported,notReported,notReported,notReported,notReported,notReported,reported,notReported
RES-CON-0057-01,Park2025,Park2025,2025,10.35490/ec3.2025.437,not reported,mixed,real,line-drawing,11,not reported,not reported,1,not reported,not reported,not reported,not reported,captured,captured,captured,notReported,captured,captured,captured,captured,notReported,notReported,notReported,captured,notReported,captured,notReported,notReported,notReported,notReported,notReported,reported,notReported,notReported,notReported,notReported,reported,notReported,notReported
RES-CON-0058-01,Hidding2025513,Hidding2025,2025,10.1007/978-3-032-02106-9_57,on-site,episode,real,assembly of 3D-printed building components,not reported,1,1,1,1,not reported,not reported,not reported,notReported,notReported,notReported,notReported,notReported,captured,notReported,captured,captured,notReported,notReported,notReported,notReported,notReported,notReported,notReported,notReported,notReported,reported,notReported,notReported,notReported,notReported,notReported,notReported,notReported,notReported
RES-CON-0059-01,Guo2025,Guo2025,2025,10.1016/j.aei.2025.103647,simulation,mixed,real,pipeline malfunction inspection,116,1,1,1,1,not reported,not reported,available on request,captured,captured,notReported,notReported,captured,notReported,notReported,notReported,notReported,captured,captured,captured,notReported,captured,notReported,notReported,captured,reported,notReported,notReported,reported,notReported,notReported,reported,notReported,reported,directed psychological relation
RES-CON-0060-01,Park2025,Park2025,2025,10.1061/jccee5.cpeng-6106,immersive/VR,mixed,real,drywall installation,12,1,1,1,1,not reported,55 min,available on request,captured,captured,captured,notReported,captured,captured,captured,captured,captured,captured,captured,notReported,notReported,captured,captured,notReported,notReported,reported,notReported,notReported,reported,notReported,notReported,notReported,notReported,notReported,communication
RES-CON-0061-01,Zhou2025234,Zhou2025,2025,10.22260/isarc2025/0032,simulation,model-generated,synthetic,not reported,not reported,2,1,not reported,1,not reported,not reported,not reported,notReported,notReported,captured,notReported,captured,captured,notReported,captured,captured,notReported,captured,captured,captured,captured,captured,notReported,captured,reported,reported,notReported,notReported,notReported,reported,notReported,notReported,notReported,notReported
RES-CON-0062-01,Zhang2025954,Zhang2025,2025,10.1061/9780784486443.104,immersive/VR,mixed,real,not reported,8,1,1,not reported,1,not reported,not reported,not reported,notReported,captured,captured,notReported,captured,captured,captured,captured,notReported,notReported,notReported,captured,notReported,captured,notReported,notReported,captured,reported,notReported,notReported,notReported,notReported,notReported,notReported,notReported,notReported,notReported
RES-CON-0063-01,Kudla2025,Kudla2025,2025,10.35490/ec3.2025.397,not reported,episode,not reported,Plastering,not reported,1,1,1,1,not reported,not reported,not reported,notReported,notReported,captured,notReported,notReported,captured,notReported,captured,captured,captured,notReported,captured,captured,captured,notReported,notReported,notReported,reported,reported,notReported,notReported,notReported,notReported,notReported,notReported,notReported,notReported
RES-CON-0064-01,WOS:001693089900053,Chen2025,2025,not reported,simulation,episode,real,bricklaying,4,3,3,1,1,not reported,not reported,not reported,notReported,captured,captured,notReported,captured,captured,captured,captured,captured,notReported,captured,notReported,notReported,captured,captured,notReported,captured,reported,notReported,notReported,notReported,notReported,notReported,notReported,notReported,notReported,communication
RES-CON-0065-01,Zhu2025166,Zhu2025,2025,10.1109/icrsa66467.2025.11382184,not reported,episode,not reported,robotic masonry,not reported,1,1,1,not reported,not reported,not reported,not reported,notReported,notReported,captured,notReported,notReported,captured,notReported,captured,captured,notReported,captured,captured,captured,captured,notReported,notReported,captured,notReported,notReported,notReported,reported,notReported,notReported,notReported,notReported,notReported,communication
RES-CON-0066-01,Chang2025,Chang2025,2025,10.1016/j.aei.2025.103110,not reported,mixed,real,bricklaying,89,1,1,1,not reported,not reported,not reported,available on request,notReported,captured,notReported,notReported,captured,captured,notReported,notReported,notReported,notReported,notReported,captured,notReported,captured,notReported,notReported,notReported,reported,notReported,notReported,reported,reported,notReported,notReported,notReported,reported,notReported
RES-CON-0067-01,Tehrani2025,Tehrani2025,2025,10.1061/jccee5.cpeng-6570,not reported,model-generated,not reported,Wood Assembly,not reported,not reported,not reported,1,not reported,not reported,not reported,available on request,notReported,notReported,captured,notReported,notReported,captured,notReported,captured,notReported,captured,captured,captured,notReported,captured,captured,notReported,captured,reported,reported,notReported,reported,notReported,notReported,notReported,notReported,notReported,task allocation/authority
RES-CON-0068-01,Zhang2025877,Zhang2025,2025,10.22260/isarc2025/0114,immersive/VR,episode,real,not reported,30,1,1,not reported,1,not reported,not reported,not reported,captured,captured,notReported,notReported,captured,notReported,captured,captured,notReported,notReported,notReported,notReported,notReported,captured,notReported,notReported,notReported,reported,notReported,reported,notReported,reported,notReported,notReported,notReported,notReported,notReported
RES-CON-0069-01,Back2025413,Back2025,2025,10.22260/isarc2025/0055,not reported,episode,not reported,reinforcement,not reported,not reported,not reported,1,not reported,not reported,not reported,not reported,notReported,notReported,notReported,notReported,captured,notReported,notReported,notReported,notReported,notReported,notReported,notReported,notReported,captured,notReported,notReported,notReported,notReported,notReported,notReported,notReported,notReported,notReported,notReported,notReported,notReported,notReported
RES-CON-0070-01,Xiong2025295,Xiong2025,2025,10.52842/conf.caadria.2025.2.295,not reported,episode,real,natural timber structure construction,10,not reported,not reported,1,not reported,not reported,not reported,not reported,captured,notReported,notReported,notReported,notReported,captured,notReported,captured,notReported,captured,notReported,notReported,captured,captured,notReported,notReported,notReported,notReported,notReported,reported,reported,notReported,reported,notReported,reported,notReported,notReported
RES-CON-0071-01,Guo202513256,Guo2025,2025,10.1109/lra.2025.3629986,not reported,mixed,real,not reported,30,not reported,not reported,not reported,1,not reported,not reported,not reported,captured,captured,captured,notReported,captured,captured,notReported,captured,notReported,captured,captured,captured,notReported,captured,notReported,notReported,notReported,reported,notReported,notReported,reported,notReported,notReported,notReported,notReported,reported,directed psychological relation
RES-CON-0072-01,Pan2025682,Pan2025,2025,10.1061/9780784485910.065,not reported,episode,not reported,not reported,not reported,not reported,not reported,not reported,not reported,not reported,not reported,not reported,notReported,notReported,captured,captured,notReported,notReported,notReported,captured,captured,notReported,captured,captured,notReported,captured,captured,notReported,captured,notReported,notReported,notReported,notReported,notReported,notReported,notReported,notReported,notReported,communication;proximity
RES-CON-0073-01,Birol2025,Birol2025,2025,10.1177/23297662251388855,not reported,episode,not reported,Clay Printing,not reported,1,1,1,not reported,not reported,not reported,not reported,notReported,notReported,notReported,notReported,captured,captured,notReported,captured,notReported,notReported,notReported,notReported,captured,captured,notReported,notReported,notReported,notReported,notReported,notReported,reported,notReported,notReported,notReported,notReported,notReported,notReported
RES-CON-0074-01,Rasines2025,Rasines2025,2025,10.3390/robotics14080114,not reported,mixed,real,Mastic Deposition,10,1,1,1,not reported,not reported,not reported,restricted,notReported,captured,captured,notReported,captured,captured,notReported,captured,captured,notReported,notReported,captured,notReported,captured,notReported,notReported,notReported,reported,reported,notReported,reported,reported,notReported,notReported,notReported,notReported,notReported
RES-CON-0075-01,Mansuri202597,Mansuri2025,2025,10.52842/conf.ecaade.2025.2.097,not reported,episode,not reported,Robotic Fabrication,not reported,1,1,1,1,not reported,not reported,not reported,notReported,notReported,captured,notReported,notReported,captured,notReported,captured,captured,notReported,captured,captured,notReported,captured,notReported,notReported,notReported,notReported,reported,notReported,notReported,notReported,notReported,notReported,reported,notReported,task allocation/authority
RES-CON-0076-01,WOS:001723278600004,Bagheri2025,2025,10.1145/3745778.3766668,not reported,episode,not reported,dry-assembled pavilion structure production,not reported,1,1,1,not reported,not reported,not reported,not reported,notReported,notReported,notReported,notReported,notReported,captured,notReported,captured,captured,captured,captured,notReported,captured,captured,notReported,notReported,notReported,notReported,notReported,notReported,reported,notReported,notReported,notReported,notReported,notReported,notReported
RES-CON-0077-01,Duan2025,Duan2025,2025,10.1016/j.autcon.2025.106130,on-site,mixed,real,window-frame operation,not reported,1,1,1,1,not reported,not reported,available on request,notReported,captured,captured,notReported,notReported,captured,captured,captured,captured,captured,notReported,notReported,notReported,captured,notReported,captured,notReported,reported,reported,reported,notReported,notReported,notReported,notReported,reported,reported,notReported
RES-CON-0078-01,Tian2025,Tian2025,2025,10.26599/jic.2025.9180092,not reported,mixed,real,hammer handover; trowel handover; rebar lifting,8,1,1,3,4,not reported,not reported,not reported,notReported,notReported,notReported,captured,notReported,captured,notReported,captured,captured,notReported,notReported,notReported,notReported,captured,notReported,captured,captured,reported,notReported,notReported,reported,notReported,notReported,notReported,reported,notReported,notReported
RES-CON-0079-01,Ron2025964,Ron2025,2025,10.1145/3764687.3769950,laboratory mock-up,mixed,real,Timber Assembly,21,1,1,1,1,not reported,not reported,not reported,captured,notReported,captured,notReported,notReported,captured,notReported,captured,captured,captured,notReported,captured,notReported,captured,notReported,notReported,notReported,reported,reported,reported,notReported,notReported,notReported,notReported,notReported,notReported,notReported
RES-CON-0080-01,Chenchu2025813,Chenchu2025,2025,10.22260/isarc2025/0106,not reported,episode,real,drywall installation,3,not reported,not reported,1,not reported,not reported,not reported,not reported,captured,notReported,captured,captured,captured,notReported,notReported,notReported,notReported,notReported,notReported,notReported,notReported,notReported,notReported,notReported,captured,notReported,notReported,notReported,notReported,notReported,notReported,notReported,notReported,reported,notReported
RES-CON-0081-01,Wang2025,Wang2025,2025,10.1016/j.autcon.2025.106464,not reported,model-generated,not reported,structure assembly,not reported,1,1,1,1,not reported,not reported,available on request,notReported,notReported,captured,notReported,notReported,captured,notReported,captured,captured,captured,captured,captured,captured,captured,captured,notReported,notReported,notReported,notReported,notReported,notReported,notReported,notReported,notReported,notReported,notReported,notReported
RES-CON-0082-01,Zhang2025,Zhang2025,2025,10.3390/buildings15203685,not reported,elicited,not reported,Plastering,not reported,not reported,not reported,1,1,not reported,not reported,not reported,captured,captured,captured,notReported,notReported,captured,notReported,captured,captured,captured,captured,captured,notReported,captured,captured,notReported,captured,reported,notReported,notReported,reported,reported,notReported,reported,notReported,notReported,directed psychological relation
RES-CON-0083-01,Tian2025,Tian2025,2025,10.35490/ec3.2025.222,not reported,model-generated,not reported,brick laying,not reported,1,1,1,not reported,not reported,not reported,not reported,notReported,notReported,notReported,notReported,captured,captured,notReported,captured,notReported,captured,captured,captured,notReported,captured,notReported,notReported,notReported,notReported,notReported,notReported,notReported,notReported,notReported,notReported,notReported,notReported,notReported
RES-CON-0084-01,Wang2025837,Wang2025,2025,10.22260/isarc2025/0109,not reported,mixed,real,wooden wall panel manufacturing,6,1,1,1,1,not reported,not reported,not reported,captured,notReported,notReported,notReported,captured,captured,notReported,captured,notReported,captured,captured,notReported,notReported,captured,notReported,notReported,notReported,notReported,notReported,notReported,notReported,notReported,notReported,reported,notReported,notReported,notReported
RES-CON-0085-01,Jayasuriya20245637,Jayasuriya2024,2024,10.1109/icra57147.2024.10609996,not reported,episode,real,pick-and-place,4,not reported,not reported,1,1,not reported,not reported,not reported,notReported,captured,notReported,captured,captured,captured,notReported,captured,notReported,notReported,notReported,notReported,notReported,notReported,notReported,notReported,notReported,notReported,reported,notReported,notReported,notReported,notReported,notReported,notReported,notReported,notReported
RES-CON-0086-01,Wei2024438,Wei2024,2024,10.1109/ro-man60168.2024.10731404,not reported,episode,not reported,multi-manipulator fabrication,not reported,1,1,1,1,not reported,not reported,not reported,notReported,notReported,captured,notReported,notReported,captured,notReported,captured,captured,notReported,captured,notReported,captured,captured,notReported,notReported,notReported,notReported,reported,notReported,reported,notReported,notReported,notReported,notReported,notReported,notReported
RES-CON-0088-01,Fu2024924,Fu2024,2024,10.1061/9780784486115.098,not reported,mixed,not reported,not reported,not reported,1,1,not reported,not reported,not reported,not reported,not reported,notReported,captured,notReported,notReported,notReported,notReported,notReported,captured,captured,captured,notReported,notReported,notReported,captured,notReported,notReported,notReported,reported,notReported,notReported,reported,notReported,notReported,notReported,reported,notReported,directed psychological relation
RES-CON-0089-01,Amani2024679,Amani2024,2024,10.1061/9780784486115.072,not reported,episode,not reported,not reported,not reported,not reported,not reported,not reported,not reported,not reported,not reported,not reported,notReported,notReported,captured,notReported,notReported,notReported,notReported,notReported,notReported,notReported,captured,notReported,notReported,notReported,captured,notReported,notReported,reported,notReported,notReported,notReported,notReported,notReported,notReported,notReported,notReported,notReported
RES-CON-0091-01,Tian2024952,Tian2024,2024,10.1061/9780784486115.101,not reported,mixed,real,tool handover,3,1,1,1,1,not reported,not reported,not reported,captured,notReported,notReported,captured,notReported,captured,notReported,captured,captured,notReported,notReported,notReported,notReported,captured,notReported,notReported,captured,notReported,reported,notReported,reported,notReported,notReported,notReported,notReported,notReported,notReported
RES-CON-0092-01,Liang2024856,Liang2024,2024,10.1061/9780784485262.087,not reported,episode,real,placing wood pieces; nailing wood pieces,1,1,2,2,1,not reported,not reported,not reported,notReported,captured,captured,notReported,notReported,captured,notReported,captured,captured,notReported,notReported,notReported,captured,captured,captured,notReported,notReported,reported,reported,notReported,reported,notReported,notReported,notReported,reported,notReported,notReported
RES-CON-0093-01,Chauhan2024,Chauhan2024,2024,10.1061/jccee5.cpeng-5692,not reported,mixed,real,bricklaying,not reported,1,1,1,1,not reported,not reported,available on request,captured,notReported,captured,notReported,captured,captured,notReported,captured,captured,notReported,notReported,captured,notReported,captured,notReported,notReported,captured,reported,notReported,notReported,reported,notReported,notReported,notReported,notReported,reported,directed psychological relation
RES-CON-0094-01,Skevaki2024291,Skevaki2024,2024,not reported,not reported,episode,not reported,SPACE FRAME ASSEMBLY,not reported,2,not reported,1,1,not reported,not reported,not reported,notReported,notReported,captured,notReported,notReported,captured,notReported,captured,captured,notReported,notReported,captured,notReported,captured,notReported,notReported,notReported,notReported,notReported,notReported,notReported,notReported,notReported,notReported,notReported,notReported,notReported
RES-CON-0095-01,Emaminejad2024,Emaminejad2024,2024,10.1061/jccee5.cpeng-5660,not reported,elicited,real,reinforcement,not reported,7,7,1,not reported,not reported,not reported,available on request,captured,notReported,captured,notReported,notReported,captured,notReported,notReported,notReported,notReported,notReported,captured,notReported,captured,captured,notReported,notReported,reported,reported,notReported,reported,notReported,notReported,notReported,reported,notReported,communication;directed psychological relation
RES-CON-0096-01,Bavelos20241077,Bavelos2024,2024,10.1111/mice.13185,laboratory mock-up,episode,real,road maintenance,2,1,1,1,2,not reported,not reported,not reported,notReported,notReported,captured,notReported,notReported,captured,captured,captured,notReported,notReported,notReported,notReported,notReported,notReported,captured,captured,notReported,notReported,reported,notReported,notReported,notReported,notReported,notReported,notReported,notReported,communication
RES-CON-0099-01,Park2024916,Park2024,2024,10.1061/9780784486115.097,immersive/VR,episode,not reported,drywall installation,not reported,not reported,not reported,1,1,not reported,not reported,not reported,notReported,notReported,captured,notReported,notReported,notReported,notReported,captured,notReported,notReported,notReported,notReported,notReported,notReported,captured,notReported,notReported,reported,notReported,notReported,notReported,notReported,notReported,notReported,notReported,notReported,communication
RES-CON-0100-01,Rogeau2024642,Rogeau2024,2024,10.1177/14780771241286605,not reported,episode,not reported,timber joint assembly,not reported,not reported,not reported,1,not reported,not reported,not reported,not reported,notReported,notReported,captured,notReported,notReported,captured,captured,captured,captured,captured,captured,captured,notReported,notReported,notReported,notReported,notReported,notReported,reported,notReported,notReported,notReported,notReported,notReported,notReported,notReported,notReported
RES-CON-0101-01,Liang2024479,Liang2024,2024,10.1061/9780784485224.058,not reported,episode,real,not reported,8,not reported,not reported,not reported,not reported,3,not reported,not reported,notReported,captured,notReported,notReported,notReported,captured,notReported,captured,captured,notReported,notReported,notReported,notReported,captured,notReported,notReported,notReported,reported,notReported,notReported,notReported,notReported,notReported,reported,notReported,notReported,notReported
RES-CON-0102-01,Wang20243489,Wang2024,2024,10.1111/mice.13202,not reported,episode,not reported,not reported,not reported,not reported,not reported,not reported,not reported,not reported,not reported,not reported,notReported,captured,captured,captured,captured,captured,notReported,captured,captured,notReported,notReported,notReported,notReported,notReported,notReported,captured,notReported,notReported,notReported,reported,notReported,reported,reported,notReported,notReported,reported,notReported
RES-CON-0104-01,WOS:001112023900001,Heravi2024,2024,10.1016/j.eswa.2023.122423,not reported,episode,not reported,not reported,not reported,not reported,not reported,not reported,not reported,not reported,not reported,available on request,notReported,captured,captured,notReported,captured,notReported,notReported,notReported,captured,notReported,notReported,notReported,notReported,captured,notReported,notReported,captured,reported,reported,notReported,reported,notReported,notReported,notReported,notReported,notReported,notReported
RES-CON-0106-01,Baek2024,Baek2024,2024,10.1016/j.autcon.2024.105608,laboratory mock-up,episode,real,bricklaying,18,1,1,1,1,8,not reported,not reported,captured,notReported,captured,notReported,captured,captured,notReported,captured,notReported,notReported,notReported,notReported,notReported,captured,notReported,notReported,notReported,notReported,notReported,reported,notReported,reported,notReported,reported,notReported,notReported,notReported
RES-CON-0108-01,Wang2024,Wang2024,2024,10.1016/j.compind.2024.104112,not reported,mixed,real,drywall installation; brick pick-and-place,not reported,1,1,2,1,10,not reported,available on request,notReported,notReported,captured,notReported,notReported,captured,captured,captured,captured,captured,captured,captured,captured,captured,captured,captured,captured,reported,reported,notReported,reported,notReported,notReported,reported,reported,notReported,notReported
RES-CON-0110-01,WOS:001175569900029,Li2024,2024,not reported,immersive/VR,episode,not reported,moving the robot to the stack of window panels; picking up the window; transporting the window to the installation location; installing the window to the target pose,not reported,1,2,4,1,not reported,not reported,not reported,captured,notReported,captured,notReported,notReported,captured,notReported,captured,notReported,captured,notReported,captured,notReported,captured,notReported,notReported,notReported,notReported,reported,notReported,notReported,notReported,notReported,notReported,notReported,notReported,notReported
RES-CON-0111-01,Wang2024991,Wang2024,2024,10.1061/9780784485262.101,not reported,episode,not reported,not reported,not reported,1,1,not reported,not reported,not reported,not reported,not reported,notReported,captured,captured,notReported,captured,captured,notReported,notReported,notReported,notReported,notReported,notReported,notReported,captured,notReported,notReported,notReported,reported,notReported,notReported,notReported,notReported,reported,notReported,notReported,reported,notReported
RES-CON-0112-01,Cai2024,Cai2024,2024,10.1016/j.aei.2024.102411,not reported,episode,real,not reported,9,not reported,not reported,not reported,not reported,not reported,not reported,available on request,captured,captured,captured,captured,captured,notReported,notReported,captured,captured,notReported,notReported,notReported,notReported,captured,notReported,notReported,notReported,notReported,reported,notReported,notReported,notReported,notReported,reported,notReported,notReported,notReported
RES-CON-0113-01,Liang2024962,Liang2024,2024,10.1061/9780784486115.102,not reported,episode,real,assembly process,1,1,1,1,1,not reported,not reported,not reported,notReported,captured,captured,captured,notReported,notReported,notReported,captured,captured,notReported,captured,notReported,notReported,notReported,notReported,notReported,notReported,reported,notReported,notReported,notReported,notReported,reported,notReported,reported,notReported,communication
RES-CON-0114-01,WOS:001283941000028,Kyaw2024,2024,10.1007/978-981-99-8405-3_28,not reported,episode,not reported,Robotic Fabrication,not reported,not reported,not reported,1,not reported,not reported,not reported,not reported,notReported,notReported,captured,notReported,notReported,captured,notReported,notReported,notReported,captured,notReported,notReported,notReported,captured,notReported,notReported,notReported,notReported,notReported,notReported,notReported,notReported,notReported,notReported,notReported,notReported,notReported
RES-CON-0115-01,Yu2024787,Yu2024,2024,10.1061/9780784485224.095,simulation,episode,real,object handover,3,1,1,1,1,not reported,not reported,not reported,notReported,notReported,captured,notReported,notReported,notReported,notReported,captured,notReported,notReported,notReported,captured,notReported,captured,notReported,notReported,notReported,notReported,notReported,notReported,notReported,notReported,notReported,notReported,notReported,notReported,communication;handover/contact
RES-CON-0116-01,Zhao2024933,Zhao2024,2024,10.1061/9780784486115.099,simulation,episode,synthetic,not reported,not reported,1,1,not reported,1,not reported,not reported,not reported,notReported,notReported,captured,notReported,notReported,captured,notReported,captured,notReported,notReported,notReported,notReported,notReported,captured,notReported,notReported,notReported,reported,notReported,notReported,notReported,notReported,notReported,notReported,reported,notReported,communication
RES-CON-0117-01,Yu2024823,Yu2024,2024,10.1061/9780784486115.087,immersive/VR,episode,not reported,ceiling installation,not reported,1,1,1,1,not reported,not reported,not reported,notReported,notReported,notReported,notReported,notReported,captured,notReported,captured,captured,notReported,captured,notReported,notReported,captured,captured,notReported,notReported,notReported,notReported,notReported,reported,notReported,notReported,notReported,notReported,notReported,directed psychological relation
RES-CON-0119-01,Nassar2024639,Nassar2024,2024,10.1061/9780784485262.065,not reported,mixed,real,bricklaying,87,1,1,1,not reported,not reported,not reported,not reported,captured,notReported,notReported,notReported,captured,notReported,notReported,captured,notReported,notReported,notReported,captured,notReported,captured,notReported,notReported,notReported,reported,notReported,notReported,notReported,notReported,reported,notReported,notReported,notReported,notReported
RES-CON-0120-01,Li2024,Li2024,2024,10.1016/j.birob.2024.100183,not reported,episode,real,curtain wall handling,1,1,1,1,1,not reported,not reported,metadata only,notReported,notReported,notReported,captured,notReported,captured,notReported,captured,captured,captured,notReported,notReported,notReported,notReported,notReported,notReported,notReported,notReported,reported,notReported,notReported,notReported,notReported,notReported,notReported,notReported,notReported
RES-CON-0122-01,Liu20242242,Liu2024,2024,10.1111/mice.13129,laboratory mock-up,episode,real,bricklaying,10,1,1,1,1,not reported,not reported,not reported,captured,notReported,notReported,captured,notReported,captured,notReported,captured,captured,notReported,notReported,notReported,notReported,captured,notReported,notReported,notReported,notReported,reported,reported,notReported,notReported,notReported,reported,reported,reported,directed psychological relation
RES-CON-0123-01,Chang2024593,Chang2024,2024,10.1061/9780784486115.063,on-site,episode,real,bricklaying,120,1,1,1,1,not reported,not reported,not reported,captured,notReported,notReported,notReported,captured,notReported,notReported,notReported,notReported,notReported,notReported,notReported,notReported,captured,notReported,notReported,notReported,reported,notReported,notReported,notReported,reported,notReported,notReported,notReported,notReported,notReported
RES-CON-0124-01,Liu2024571,Liu2024,2024,10.1061/9780784485224.069,not reported,mixed,real,excavation,20,1,1,1,not reported,not reported,not reported,not reported,captured,captured,captured,notReported,notReported,notReported,notReported,captured,notReported,notReported,notReported,notReported,notReported,captured,notReported,notReported,captured,reported,notReported,reported,notReported,notReported,notReported,notReported,reported,notReported,communication
RES-CON-0125-01,Park2024453,Park2024,2024,10.1061/9780784485224.055,not reported,model-generated,not reported,panel installation,not reported,not reported,not reported,1,not reported,not reported,not reported,not reported,notReported,notReported,captured,notReported,notReported,notReported,notReported,captured,notReported,notReported,notReported,notReported,notReported,captured,notReported,notReported,notReported,notReported,notReported,notReported,notReported,notReported,notReported,notReported,notReported,notReported,notReported
RES-CON-0126-01,Yoon2024,Yoon2024,2024,10.1061/jccee5.cpeng-5715,not reported,episode,real,Drywall cutting,11,1,1,1,1,not reported,not reported,available on request,captured,captured,captured,captured,captured,captured,notReported,captured,captured,notReported,captured,captured,captured,captured,captured,notReported,captured,reported,reported,notReported,reported,notReported,notReported,notReported,reported,notReported,communication
RES-CON-0127-01,WOS:001118486000001,Pan2024,2024,10.1016/j.autcon.2023.105184,not reported,episode,not reported,scaffolding,not reported,not reported,not reported,1,1,not reported,not reported,available on request,notReported,notReported,captured,captured,notReported,captured,notReported,captured,captured,captured,captured,notReported,notReported,captured,captured,notReported,notReported,notReported,reported,notReported,notReported,notReported,notReported,notReported,notReported,notReported,notReported
RES-CON-0128-01,Shah2024717,Shah2024,2024,10.1061/9780784485262.073,not reported,episode,not reported,lifting drywall; carrying drywall; holding drywall; mounting drywall,not reported,not reported,not reported,4,1,not reported,not reported,not reported,notReported,notReported,captured,captured,captured,captured,notReported,notReported,notReported,notReported,notReported,captured,notReported,captured,notReported,notReported,notReported,reported,reported,notReported,notReported,notReported,notReported,notReported,notReported,reported,notReported
RES-CON-0129-01,Cai2024579,Cai2024,2024,10.1061/9780784485224.070,not reported,episode,real,six assembly tasks,9,not reported,not reported,6,not reported,not reported,30 min,not reported,captured,captured,notReported,captured,notReported,captured,notReported,captured,captured,notReported,notReported,notReported,captured,captured,captured,notReported,notReported,notReported,notReported,notReported,notReported,notReported,notReported,reported,notReported,notReported,notReported
RES-CON-0130-01,Park2024,Park2024,2024,10.1016/j.autcon.2024.105345,not reported,episode,mixed,drywall installation,not reported,1,1,1,1,not reported,not reported,available on request,notReported,notReported,captured,notReported,captured,captured,notReported,captured,captured,notReported,notReported,notReported,captured,captured,captured,captured,notReported,reported,notReported,notReported,reported,reported,notReported,reported,notReported,notReported,communication
RES-CON-0131-01,Pramanik2024124,Pramanik2024,2024,10.1109/memocode63347.2024.00021,on-site,model-generated,real,not reported,not reported,3,1,not reported,1,not reported,not reported,not reported,notReported,notReported,notReported,notReported,notReported,captured,notReported,captured,captured,notReported,notReported,notReported,captured,captured,captured,notReported,notReported,notReported,notReported,notReported,reported,notReported,notReported,reported,reported,notReported,proximity
RES-CON-0132-01,Chauhan2024,Chauhan2024,2024,10.1016/j.aei.2024.102720,immersive/VR,mixed,real,bricklaying,11,1,1,1,1,not reported,not reported,available on request,notReported,notReported,captured,notReported,captured,captured,notReported,notReported,captured,notReported,notReported,captured,notReported,captured,notReported,notReported,captured,reported,notReported,notReported,reported,notReported,notReported,notReported,notReported,reported,directed psychological relation
RES-CON-0133-01,Gong2024183,Gong2024,2024,10.52842/conf.ecaade.2024.1.183,not reported,episode,real,assembly of construction walls using recycled materials,not reported,1,1,1,1,not reported,not reported,not reported,notReported,captured,notReported,notReported,notReported,captured,notReported,captured,captured,captured,notReported,notReported,captured,captured,notReported,notReported,notReported,reported,reported,notReported,reported,notReported,notReported,notReported,reported,notReported,notReported
RES-CON-0134-01,Shayesteh2024906,Shayesteh2024,2024,10.1061/9780784486115.096,immersive/VR,mixed,real,collaborative bricklaying,6,not reported,not reported,1,1,not reported,not reported,not reported,notReported,notReported,notReported,notReported,captured,captured,notReported,captured,captured,notReported,notReported,notReported,notReported,captured,notReported,notReported,notReported,reported,notReported,reported,notReported,reported,notReported,notReported,notReported,reported,notReported
RES-CON-0135-01,WOS:001196835000079,Wang2024,2024,not reported,not reported,episode,not reported,interlocking block assembly,not reported,1,1,1,not reported,not reported,not reported,not reported,notReported,notReported,captured,notReported,notReported,captured,notReported,captured,notReported,captured,notReported,notReported,notReported,captured,notReported,notReported,notReported,notReported,notReported,notReported,notReported,notReported,notReported,notReported,notReported,notReported,communication
RES-CON-0137-01,You2024942,You2024,2024,10.1061/9780784486115.100,not reported,episode,not reported,not reported,not reported,1,1,not reported,1,not reported,not reported,not reported,notReported,captured,captured,notReported,notReported,captured,notReported,captured,notReported,notReported,notReported,notReported,captured,captured,notReported,captured,notReported,reported,reported,notReported,notReported,notReported,notReported,reported,reported,notReported,notReported
RES-CON-0138-01,Chang2024821,Chang2024,2024,10.1061/9780784485224.099,not reported,mixed,real,bricklaying,36,4,4,1,not reported,not reported,not reported,not reported,captured,captured,captured,notReported,captured,notReported,notReported,notReported,notReported,notReported,notReported,captured,notReported,captured,notReported,notReported,notReported,reported,notReported,notReported,reported,reported,notReported,reported,reported,reported,directed psychological relation
RES-CON-0139-01,Wu202490,Wu2024,2024,10.1109/iros58592.2024.10802698,on-site,episode,real,Reinforcement,not reported,3,3,1,1,not reported,not reported,not reported,notReported,notReported,notReported,notReported,notReported,captured,notReported,captured,captured,notReported,notReported,notReported,captured,captured,notReported,captured,notReported,reported,reported,notReported,reported,notReported,notReported,notReported,notReported,notReported,notReported
RES-CON-0140-01,Halder2024657,Halder2024,2024,10.1061/9780784485224.079,not reported,episode,not reported,not reported,not reported,1,1,not reported,not reported,not reported,not reported,not reported,notReported,notReported,captured,notReported,notReported,captured,notReported,notReported,notReported,notReported,notReported,captured,notReported,notReported,notReported,notReported,notReported,notReported,notReported,notReported,reported,notReported,notReported,notReported,notReported,notReported,communication
RES-CON-0141-01,Onososen2024121,Onososen2024,2024,not reported,immersive/VR,mixed,real,not reported,42,1,1,not reported,1,not reported,not reported,not reported,captured,notReported,notReported,notReported,notReported,notReported,notReported,notReported,notReported,notReported,notReported,notReported,notReported,captured,notReported,notReported,captured,reported,notReported,notReported,notReported,reported,notReported,notReported,notReported,notReported,notReported
RES-CON-0142-01,Jang2024461,Jang2024,2024,10.1061/9780784485224.056,not reported,episode,real,not reported,5,1,1,not reported,2,not reported,not reported,not reported,notReported,notReported,notReported,notReported,captured,notReported,notReported,captured,notReported,notReported,notReported,notReported,notReported,captured,notReported,notReported,notReported,notReported,notReported,notReported,notReported,reported,reported,notReported,notReported,reported,proximity
RES-CON-0143-01,Onososen202375,Onososen2023,2023,not reported,immersive/VR,mixed,real,not reported,7,1,1,not reported,1,not reported,not reported,not reported,notReported,notReported,captured,notReported,notReported,captured,notReported,captured,captured,notReported,notReported,captured,notReported,captured,captured,notReported,notReported,reported,notReported,notReported,notReported,reported,notReported,notReported,notReported,notReported,notReported
RES-CON-0145-01,WOS:001105806000001,Chen2023,2023,10.1016/j.jenvman.2023.119341,laboratory mock-up,mixed,real,construction waste sorting,not reported,1,1,1,1,not reported,not reported,explicitly unavailable,captured,notReported,captured,notReported,notReported,captured,notReported,captured,captured,notReported,notReported,captured,captured,captured,notReported,captured,notReported,reported,notReported,notReported,reported,notReported,notReported,notReported,reported,notReported,notReported
RES-CON-0147-01,WOS:000988854500011,Yoon2023,2023,10.1061/jcemd4.coeng-12997,not reported,episode,real,panel installation,not reported,1,1,1,1,1195,not reported,available on request,notReported,notReported,captured,notReported,captured,captured,captured,captured,captured,captured,notReported,captured,notReported,captured,captured,notReported,captured,reported,notReported,notReported,notReported,notReported,notReported,notReported,reported,notReported,communication;shared attention/awareness
RES-CON-0149-01,Liu2023295,Liu2023,2023,10.1007/978-981-19-0503-2_24,not reported,episode,real,not reported,4,not reported,not reported,not reported,not reported,not reported,not reported,not reported,captured,notReported,notReported,notReported,captured,captured,notReported,notReported,notReported,notReported,notReported,notReported,notReported,captured,notReported,notReported,notReported,notReported,notReported,reported,notReported,reported,notReported,notReported,notReported,reported,notReported
RES-CON-0150-01,Wang2023,Wang2023,2023,10.1016/j.engappai.2023.106179,laboratory mock-up,episode,real,not reported,not reported,not reported,not reported,not reported,1,not reported,not reported,open public,notReported,captured,captured,notReported,captured,captured,notReported,notReported,notReported,notReported,notReported,captured,captured,captured,notReported,notReported,captured,reported,reported,reported,notReported,reported,reported,reported,notReported,notReported,communication
RES-CON-0151-01,Liu2023224,Liu2023,2023,10.1139/cjce-2021-0646,not reported,mixed,real,brick-laying,14,1,1,1,not reported,not reported,not reported,available on request,captured,notReported,notReported,notReported,captured,notReported,notReported,captured,notReported,notReported,notReported,notReported,notReported,notReported,notReported,notReported,notReported,notReported,notReported,notReported,notReported,notReported,notReported,reported,notReported,reported,notReported
RES-CON-0153-01,Chen2023169,Chen2023,2023,10.52842/conf.caadria.2023.2.169,not reported,episode,not reported,CONCRETE PRINTING,not reported,not reported,not reported,1,1,not reported,not reported,not reported,notReported,notReported,notReported,notReported,notReported,captured,notReported,notReported,notReported,captured,notReported,notReported,captured,notReported,notReported,notReported,notReported,notReported,notReported,notReported,notReported,notReported,notReported,notReported,reported,notReported,notReported
RES-CON-0154-01,Shayesteh2023255,Shayesteh2023,2023,10.1007/978-981-19-0503-2_21,not reported,mixed,real,masonry task,not reported,1,1,1,not reported,not reported,not reported,not reported,notReported,notReported,notReported,notReported,captured,captured,notReported,captured,notReported,notReported,notReported,captured,notReported,captured,notReported,notReported,notReported,reported,notReported,notReported,reported,reported,notReported,notReported,notReported,reported,notReported
RES-CON-0155-01,Pan2023,Pan2023,2023,10.1061/9780784485224.081,not reported,episode,not reported,scaffolding,not reported,not reported,not reported,1,not reported,not reported,not reported,not reported,notReported,notReported,captured,notReported,notReported,captured,notReported,notReported,notReported,notReported,captured,notReported,notReported,captured,notReported,notReported,captured,notReported,notReported,reported,reported,notReported,notReported,reported,notReported,notReported,notReported
RES-CON-0156-01,González-Böhme2023,Gonzalez-Bohme2023,2023,10.3390/buildings13081965,immersive/VR,episode,synthetic,laying out joinery on the workpiece; cutting the joinery,not reported,1,1,2,1,not reported,not reported,not reported,notReported,notReported,captured,notReported,notReported,captured,notReported,captured,captured,captured,notReported,notReported,captured,captured,notReported,notReported,notReported,reported,reported,notReported,notReported,notReported,notReported,notReported,reported,notReported,notReported
RES-CON-0158-01,Jang2023,Jang2023,2023,10.3390/s23156997,laboratory mock-up,episode,real,not reported,not reported,not reported,not reported,not reported,not reported,not reported,22 min | 12 s,available on request,notReported,captured,captured,notReported,notReported,notReported,notReported,notReported,notReported,notReported,notReported,notReported,notReported,captured,notReported,notReported,captured,notReported,reported,reported,reported,notReported,notReported,notReported,notReported,reported,notReported
RES-CON-0159-01,Yu2023,Yu2023,2023,10.1016/j.autcon.2023.104829,not reported,episode,real,object handover,3,1,1,1,1,not reported,not reported,available on request,notReported,captured,captured,notReported,notReported,captured,notReported,captured,captured,notReported,notReported,notReported,captured,captured,notReported,notReported,captured,notReported,notReported,notReported,notReported,notReported,notReported,notReported,notReported,reported,communication;handover/contact
RES-CON-0163-01,Shen2023372,Shen2023,2023,10.1007/978-3-031-35634-6_26,not reported,episode,not reported,Robotic Fabrication,not reported,1,1,1,not reported,not reported,not reported,not reported,notReported,notReported,notReported,notReported,notReported,captured,notReported,notReported,notReported,notReported,notReported,notReported,notReported,notReported,captured,notReported,notReported,notReported,notReported,notReported,notReported,notReported,notReported,notReported,notReported,notReported,notReported
RES-CON-0164-01,Wu2023,Wu2023,2023,10.1016/j.aei.2023.101939,on-site,episode,real,bricklaying,10,not reported,not reported,1,1,not reported,not reported,not reported,captured,notReported,captured,notReported,captured,captured,notReported,captured,captured,notReported,notReported,captured,notReported,captured,notReported,notReported,captured,reported,reported,notReported,notReported,notReported,notReported,notReported,notReported,notReported,notReported
RES-CON-0165-01,Wang2023495,Wang2023,2023,10.1109/jsen.2022.3222801,laboratory mock-up,episode,real,not reported,not reported,not reported,not reported,not reported,1,not reported,not reported,not reported,notReported,notReported,captured,notReported,notReported,captured,notReported,notReported,notReported,notReported,notReported,captured,notReported,captured,notReported,notReported,captured,reported,reported,reported,notReported,reported,notReported,notReported,notReported,reported,notReported
RES-CON-0167-01,Shayesteh2022422,Shayesteh2022,2022,10.1061/9780784483985.043,not reported,episode,real,carrying concrete blocks; laying concrete blocks to build a concrete wall,not reported,1,1,2,1,not reported,not reported,not reported,notReported,notReported,captured,notReported,captured,captured,notReported,notReported,notReported,notReported,notReported,captured,notReported,captured,notReported,notReported,notReported,notReported,reported,notReported,notReported,notReported,notReported,notReported,notReported,reported,notReported
RES-CON-0168-01,Wu2022,Wu2022,2022,10.1016/j.aei.2022.101589,not reported,model-generated,mixed,Brick Laying,not reported,1,1,1,1,not reported,not reported,not reported,notReported,notReported,notReported,notReported,notReported,captured,notReported,notReported,notReported,captured,notReported,captured,notReported,captured,captured,captured,notReported,notReported,notReported,notReported,notReported,notReported,notReported,notReported,notReported,notReported,notReported
RES-CON-0171-01,Wang2022328,Wang2022,2022,not reported,laboratory mock-up,episode,real,not reported,not reported,1,1,not reported,1,not reported,not reported,not reported,notReported,captured,captured,notReported,captured,notReported,notReported,notReported,notReported,notReported,notReported,captured,captured,captured,notReported,notReported,captured,notReported,notReported,notReported,notReported,notReported,reported,notReported,notReported,notReported,notReported
RES-CON-0172-01,Liu2022621,Liu2022,2022,10.1061/9780784483961.065,not reported,episode,real,bricklaying,4,1,1,1,not reported,not reported,not reported,not reported,captured,notReported,notReported,notReported,notReported,captured,notReported,notReported,captured,notReported,notReported,notReported,captured,notReported,notReported,notReported,notReported,notReported,reported,notReported,notReported,notReported,notReported,reported,notReported,notReported,notReported
RES-CON-0173-01,Ziada2022111,Ziada2022,2022,10.3233/atde220131,not reported,model-generated,not reported,window assembly,not reported,not reported,not reported,1,1,not reported,not reported,not reported,notReported,notReported,notReported,notReported,notReported,captured,notReported,captured,notReported,notReported,notReported,notReported,notReported,captured,notReported,captured,notReported,notReported,notReported,notReported,notReported,notReported,notReported,notReported,notReported,notReported,notReported
RES-CON-0174-01,Shayesteh2022631,Shayesteh2022,2022,10.1061/9780784483961.066,immersive/VR,elicited,real,brick-laying,not reported,1,1,1,1,not reported,not reported,not reported,notReported,captured,notReported,notReported,captured,notReported,notReported,captured,captured,notReported,notReported,notReported,notReported,captured,notReported,notReported,notReported,notReported,notReported,notReported,notReported,notReported,notReported,notReported,notReported,notReported,directed psychological relation
RES-CON-0175-01,Liu2022205,Liu2022,2022,10.1061/9780784483961.022,simulation,episode,real,materials-delivery,13,1,1,1,1,not reported,not reported,not reported,notReported,notReported,captured,notReported,captured,notReported,notReported,captured,captured,captured,notReported,notReported,notReported,captured,notReported,notReported,notReported,notReported,reported,notReported,notReported,notReported,notReported,notReported,notReported,notReported,notReported
RES-CON-0176-01,Liu2021,Liu2021,2021,10.1016/j.autcon.2020.103523,not reported,episode,real,not reported,12,1,1,not reported,not reported,60,not reported,not reported,notReported,captured,captured,notReported,captured,captured,captured,captured,captured,captured,notReported,captured,notReported,captured,notReported,notReported,notReported,reported,notReported,notReported,notReported,reported,notReported,reported,notReported,reported,communication
RES-CON-0177-01,Liu2021,Liu2021,2021,10.1016/j.autcon.2021.103556,laboratory mock-up,episode,real,welding,14,1,1,1,1,not reported,not reported,not reported,captured,captured,captured,notReported,captured,notReported,notReported,captured,notReported,captured,notReported,captured,notReported,captured,notReported,notReported,captured,notReported,notReported,reported,reported,notReported,notReported,reported,notReported,reported,notReported
RES-CON-0178-01,Yoon2021491,Yoon2021,2021,not reported,not reported,episode,real,not reported,4,not reported,not reported,not reported,1,not reported,not reported,not reported,notReported,notReported,captured,notReported,captured,notReported,captured,notReported,notReported,captured,notReported,notReported,notReported,captured,captured,notReported,notReported,reported,notReported,notReported,notReported,notReported,notReported,notReported,notReported,notReported,notReported
RES-CON-0179-01,Brosque20211,Brosque2021,2021,not reported,simulation,episode,synthetic,welding; sealing concrete precast joints,not reported,1,2,2,1,not reported,not reported,not reported,notReported,notReported,captured,notReported,notReported,captured,notReported,notReported,notReported,notReported,notReported,captured,notReported,captured,captured,notReported,notReported,reported,reported,notReported,reported,notReported,notReported,notReported,notReported,notReported,notReported
RES-CON-0180-01,WOS:000878693200219,Suthar2021,2021,10.1109/case49439.2021.9551518,not reported,model-generated,not reported,drilling and screwing on a small work piece; drilling and screwing on a big sheet; sheet fitting on the wall,not reported,1,1,3,not reported,not reported,not reported,not reported,notReported,notReported,notReported,notReported,notReported,captured,captured,captured,notReported,notReported,notReported,notReported,notReported,notReported,notReported,notReported,notReported,notReported,notReported,notReported,reported,reported,notReported,notReported,reported,notReported,notReported
RES-CON-0181-01,Suthar2021899,Suthar2021,2021,10.1109/ro-man50785.2021.9515456,not reported,episode,not reported,holding; installation,not reported,1,1,2,not reported,not reported,not reported,not reported,notReported,notReported,notReported,notReported,notReported,captured,notReported,captured,notReported,notReported,notReported,notReported,notReported,notReported,notReported,notReported,notReported,reported,notReported,notReported,reported,notReported,notReported,notReported,reported,notReported,notReported
RES-CON-0186-01,Wang2021,Wang2021,2021,10.1061/(asce)cp.1943-5487.0000988,not reported,mixed,real,drywall installation,20,1,1,1,1,not reported,not reported,available on request,captured,captured,captured,notReported,notReported,captured,captured,captured,captured,captured,captured,captured,captured,captured,captured,captured,notReported,reported,reported,reported,notReported,notReported,notReported,notReported,notReported,reported,communication
RES-CON-0187-01,Xiang2021,Xiang2021,2021,10.1016/j.autcon.2021.103704,laboratory mock-up,episode,real,not reported,not reported,1,1,not reported,1,not reported,not reported,not reported,notReported,notReported,notReported,notReported,notReported,captured,notReported,notReported,notReported,notReported,notReported,notReported,captured,captured,captured,notReported,notReported,reported,reported,notReported,reported,reported,notReported,notReported,reported,notReported,notReported
RES-CON-0190-01,WOS:000600848100002,Jin2021,2021,10.1109/tcst.2019.2959536,not reported,episode,real,not reported,9,1,1,not reported,1,not reported,not reported,not reported,notReported,notReported,notReported,captured,notReported,captured,captured,captured,captured,notReported,notReported,notReported,notReported,captured,notReported,notReported,notReported,notReported,reported,notReported,reported,notReported,notReported,notReported,notReported,reported,notReported
RES-CON-0191-01,Liu20211075,Liu2021,2021,10.1061/9780784483893.132,not reported,episode,real,bricklaying,6,1,1,1,not reported,not reported,not reported,not reported,notReported,notReported,notReported,notReported,captured,notReported,notReported,notReported,notReported,notReported,notReported,notReported,notReported,notReported,notReported,notReported,notReported,notReported,notReported,notReported,notReported,reported,notReported,notReported,notReported,notReported,proximity
RES-CON-0193-01,Bruun2020320,Bruun2020,2020,10.1080/14626268.2020.1845214,not reported,episode,not reported,construction of unplanned spatial structures,not reported,2,not reported,1,1,not reported,not reported,not reported,notReported,notReported,captured,notReported,notReported,captured,notReported,captured,captured,notReported,notReported,captured,captured,notReported,notReported,notReported,notReported,notReported,reported,notReported,notReported,notReported,reported,notReported,notReported,notReported,notReported
RES-CON-0195-01,WOS:000714033801022,Wallace2020,2020,10.1109/iros45743.2020.9340688,not reported,episode,not reported,not reported,not reported,2,2,not reported,not reported,not reported,not reported,not reported,notReported,notReported,notReported,notReported,notReported,captured,captured,notReported,notReported,notReported,notReported,notReported,captured,captured,notReported,notReported,notReported,notReported,reported,notReported,notReported,notReported,notReported,notReported,notReported,notReported,notReported
RES-CON-0196-01,Wang20201528,Wang2020,2020,not reported,on-site,episode,real,carpentry,not reported,2,1,1,1,not reported,not reported,not reported,notReported,notReported,notReported,notReported,notReported,captured,captured,captured,captured,notReported,notReported,notReported,captured,captured,captured,notReported,notReported,notReported,reported,notReported,notReported,notReported,notReported,notReported,notReported,notReported,notReported
RES-CON-0200-01,Liang201980,Liang2019,2019,10.1016/j.autcon.2019.04.004,on-site,episode,real,not reported,not reported,2,2,not reported,1,not reported,not reported,not reported,notReported,captured,captured,notReported,notReported,captured,captured,notReported,notReported,notReported,notReported,notReported,captured,captured,captured,captured,captured,reported,reported,notReported,notReported,notReported,notReported,reported,notReported,reported,notReported
RES-CON-0201-01,Devadass2019469,Devadass2019,2019,10.22260/isarc2019/0063,on-site,episode,real,timber space-frame assembly,not reported,1,1,1,1,not reported,not reported,not reported,notReported,notReported,notReported,notReported,notReported,captured,notReported,captured,captured,captured,captured,notReported,captured,captured,notReported,notReported,captured,notReported,notReported,notReported,notReported,notReported,notReported,notReported,notReported,notReported,notReported
RES-CON-0202-01,Das2019171,Das2019,2019,10.5151/proceedings-ecaadesigradi2019_376,not reported,episode,not reported,Robotic Masonry,not reported,1,1,1,1,not reported,not reported,not reported,notReported,notReported,captured,notReported,captured,captured,notReported,captured,notReported,notReported,notReported,notReported,captured,notReported,notReported,notReported,notReported,reported,reported,notReported,notReported,notReported,notReported,notReported,notReported,notReported,notReported
RES-CON-0203-01,WOS:000488136600013,Tavares2019,2019,10.1016/j.autcon.2019.04.020,not reported,episode,not reported,Welding,not reported,1,1,1,1,not reported,not reported,not reported,notReported,notReported,notReported,notReported,notReported,captured,notReported,captured,captured,captured,captured,notReported,notReported,captured,captured,notReported,notReported,reported,notReported,notReported,reported,notReported,notReported,notReported,reported,notReported,notReported
RES-CON-0204-01,Reinhardt2019211,Reinhardt2019,2019,10.5151/proceedings-ecaadesigradi2019_294,not reported,episode,not reported,timber module assembly,not reported,1,1,1,not reported,not reported,not reported,not reported,notReported,notReported,captured,notReported,notReported,captured,notReported,captured,captured,notReported,notReported,notReported,notReported,notReported,notReported,notReported,captured,notReported,notReported,notReported,notReported,notReported,notReported,notReported,notReported,notReported,notReported
RES-CON-0205-01,Rossi2019201,Rossi2019,2019,10.5151/proceedings-ecaadesigradi2019_280,not reported,episode,not reported,not reported,not reported,1,1,not reported,not reported,not reported,not reported,not reported,notReported,notReported,notReported,notReported,notReported,captured,notReported,captured,captured,captured,captured,notReported,notReported,captured,notReported,notReported,notReported,notReported,notReported,notReported,notReported,reported,notReported,notReported,reported,notReported,notReported
RES-CON-0206-01,Yan20191050,Yan2019,2019,10.1109/cyber46603.2019.9066688,not reported,episode,not reported,curtain wall installation,not reported,1,1,1,not reported,not reported,not reported,not reported,notReported,notReported,notReported,notReported,notReported,captured,notReported,captured,captured,notReported,notReported,notReported,notReported,notReported,notReported,notReported,notReported,notReported,notReported,notReported,notReported,notReported,notReported,notReported,reported,notReported,notReported
RES-CON-0207-01,Kim2019265,Kim2019,2019,not reported,not reported,episode,not reported,not reported,not reported,not reported,not reported,not reported,not reported,not reported,not reported,not reported,notReported,notReported,notReported,notReported,notReported,notReported,notReported,notReported,notReported,notReported,notReported,notReported,captured,captured,notReported,notReported,notReported,notReported,reported,notReported,notReported,notReported,notReported,notReported,notReported,notReported,notReported
RES-CON-0208-01,Yousefizadeh2019213,Yousefizadeh2019,2019,10.1016/j.autcon.2019.01.006,not reported,model-generated,not reported,not reported,not reported,1,1,not reported,not reported,not reported,not reported,not reported,notReported,notReported,notReported,notReported,notReported,captured,notReported,captured,captured,notReported,captured,notReported,notReported,notReported,notReported,notReported,notReported,notReported,reported,notReported,reported,notReported,notReported,notReported,notReported,reported,notReported
RES-CON-0209-01,WOS:000426225700009,Yu2018,2018,10.1016/j.conengprac.2017.09.003,not reported,episode,not reported,refractory construction,not reported,1,1,1,not reported,not reported,not reported,not reported,notReported,notReported,notReported,notReported,notReported,captured,captured,notReported,notReported,notReported,notReported,notReported,notReported,notReported,notReported,notReported,notReported,notReported,notReported,notReported,notReported,notReported,notReported,notReported,notReported,notReported,notReported
RES-CON-0210-01,You2018161,You2018,2018,10.1016/j.autcon.2018.09.008,not reported,mixed,real,masonry task,30,1,1,1,1,not reported,not reported,not reported,captured,notReported,notReported,notReported,notReported,notReported,notReported,captured,notReported,notReported,notReported,notReported,notReported,captured,notReported,notReported,notReported,reported,notReported,notReported,reported,notReported,notReported,notReported,reported,notReported,directed psychological relation
RES-CON-0211-01,Arruñada20181546,Arrunada2018,2018,10.1109/ccta.2018.8511329,not reported,model-generated,not reported,Wall Mounting,not reported,1,1,1,not reported,not reported,not reported,not reported,notReported,notReported,notReported,notReported,notReported,captured,notReported,notReported,notReported,notReported,notReported,notReported,notReported,captured,notReported,notReported,notReported,notReported,notReported,notReported,notReported,notReported,notReported,notReported,notReported,notReported,notReported
RES-CON-0213-01,Liang2018,Liang2018,2018,10.22260/isarc2018/0120,not reported,episode,real,not reported,not reported,1,1,not reported,1,not reported,not reported,not reported,notReported,notReported,notReported,notReported,notReported,captured,notReported,notReported,notReported,notReported,notReported,notReported,notReported,captured,captured,notReported,notReported,notReported,notReported,notReported,notReported,notReported,notReported,notReported,notReported,notReported,notReported
RES-SHARED-DRYWALL-VULNERABILITY,Sam2026;Sam2024558,Sam2026;Sam2024,2024,10.1061/jcemd4.coeng-17631;10.1061/9780784485286.056,on-site,mixed,real,Drywall Finishing,not reported,1,1,1,1,100,not reported,available on request,captured,notReported,notReported,notReported,notReported,notReported,notReported,captured,notReported,notReported,captured,captured,notReported,captured,captured,notReported,captured,notReported,notReported,notReported,reported,notReported,notReported,notReported,notReported,notReported,notReported
RES-SHARED-HAND-MOTION,WOS:000796077100009;Zhou2022,Zhou2022;Zhou2022,2022,10.1061/(asce)co.1943-7862.0002289;10.1016/j.autcon.2022.104232,not reported,episode,real,pipe skid maintenance,120,1,1,1,1,not reported,not reported,metadata only,captured,captured,captured,captured,captured,captured,notReported,captured,captured,captured,captured,notReported,captured,captured,notReported,captured,notReported,reported,reported,notReported,reported,reported,notReported,reported,notReported,reported,notReported
